t,gpu0,gpu1,freeGB,nproc,pyRSS_GB
22:59:57,"0, 4 %, 1434 MiB","1, 0 %, 0 MiB",58.8,1,0.0
23:00:03,"0, 5 %, 1434 MiB","1, 0 %, 0 MiB",58.4,2,0.2
23:00:09,"0, 5 %, 1434 MiB","1, 80 %, 4788 MiB",49.4,14,8.0
23:00:18,"0, 5 %, 1434 MiB","1, 61 %, 6664 MiB",43.8,17,11.7
23:00:25,"0, 3 %, 1434 MiB","1, 98 %, 16002 MiB",29.9,17,31.1
23:00:32,"0, 5 %, 1434 MiB","1, 100 %, 15958 MiB",26.9,17,33.8
23:00:38,"0, 5 %, 1434 MiB","1, 100 %, 15954 MiB",26.5,17,34.7
23:00:43,"0, 5 %, 1434 MiB","1, 100 %, 15954 MiB",27.3,17,33.6
23:00:49,"0, 5 %, 1434 MiB","1, 100 %, 15954 MiB",27.3,17,33.9
23:00:55,"0, 5 %, 1434 MiB","1, 99 %, 16044 MiB",26.3,17,34.7
23:01:01,"0, 4 %, 1434 MiB","1, 95 %, 15982 MiB",27,17,34.0
23:01:07,"0, 5 %, 1434 MiB","1, 100 %, 15968 MiB",25.1,17,36.1
23:01:13,"0, 5 %, 1434 MiB","1, 99 %, 15994 MiB",22.5,17,38.6
23:01:19,"0, 5 %, 1434 MiB","1, 100 %, 15994 MiB",22.6,17,38.6
23:01:25,"0, 5 %, 1434 MiB","1, 100 %, 15994 MiB",22.6,17,38.6
23:01:30,"0, 5 %, 1434 MiB","1, 99 %, 15994 MiB",23.9,17,37.3
23:01:36,"0, 4 %, 1434 MiB","1, 100 %, 16064 MiB",24.8,17,37.1
23:01:42,"0, 4 %, 1434 MiB","1, 99 %, 16052 MiB",20,17,41.5
23:01:48,"0, 4 %, 1434 MiB","1, 100 %, 16052 MiB",20,17,41.5
23:01:54,"0, 5 %, 1434 MiB","1, 100 %, 16052 MiB",20,17,41.5
23:02:00,"0, 5 %, 1434 MiB","1, 100 %, 16052 MiB",19,17,42.3
23:02:06,"0, 5 %, 1434 MiB","1, 100 %, 16052 MiB",20.1,17,41.3
23:02:12,"0, 5 %, 1434 MiB","1, 100 %, 16052 MiB",20.6,17,40.5
23:02:18,"0, 5 %, 1434 MiB","1, 100 %, 16052 MiB",21,17,40.4
23:02:24,"0, 5 %, 1434 MiB","1, 100 %, 16072 MiB",21.1,17,40.3
23:02:30,"0, 5 %, 1434 MiB","1, 99 %, 16022 MiB",21.6,17,40.7
23:02:36,"0, 5 %, 1434 MiB","1, 100 %, 16030 MiB",21.8,17,39.5
23:02:45,"0, 5 %, 1434 MiB","1, 100 %, 8157 MiB",42.5,14,22.8
23:02:51,"0, 5 %, 1434 MiB","1, 0 %, 0 MiB",58.7,1,0.0
23:02:57,"0, 5 %, 1434 MiB","1, 0 %, 0 MiB",58.7,1,0.0
23:03:02,"0, 5 %, 1434 MiB","1, 0 %, 0 MiB",58.7,1,0.0
23:03:08,"0, 5 %, 1434 MiB","1, 0 %, 0 MiB",58.7,1,0.0
23:03:14,"0, 5 %, 1434 MiB","1, 0 %, 0 MiB",58.7,1,0.0
23:03:20,"0, 5 %, 1434 MiB","1, 82 %, 3312 MiB",53.5,3,5.2
23:03:26,"0, 5 %, 1434 MiB","1, 0 %, 3393 MiB",39.5,6,6.9
23:03:33,"0, 5 %, 1434 MiB","1, 97 %, 16066 MiB",41.4,6,18.8
23:03:39,"0, 5 %, 1434 MiB","1, 99 %, 16112 MiB",35.7,6,25.7
23:03:45,"0, 5 %, 1434 MiB","1, 1 %, 3222 MiB",52.3,6,6.3
23:03:51,"0, 4 %, 1434 MiB","1, 100 %, 16006 MiB",37.1,7,22.4
23:03:58,"0, 5 %, 1434 MiB","1, 97 %, 16106 MiB",34.9,7,25.3
23:04:04,"0, 5 %, 1434 MiB","1, 99 %, 9696 MiB",44.5,7,16.6
23:04:10,"0, 5 %, 1434 MiB","1, 77 %, 11262 MiB",41.2,7,16.7
23:04:16,"0, 5 %, 1434 MiB","1, 100 %, 16070 MiB",34.6,7,24.8
23:04:23,"0, 5 %, 1434 MiB","1, 0 %, 0 MiB",58.5,2,0.1
23:04:28,"0, 5 %, 1434 MiB","1, 0 %, 0 MiB",58.5,2,0.1
23:04:34,"0, 5 %, 1434 MiB","1, 0 %, 0 MiB",58.6,2,0.1
23:04:40,"0, 5 %, 1434 MiB","1, 56 %, 3312 MiB",54.8,4,5.4
23:04:48,"0, 5 %, 1434 MiB","1, 7 %, 4574 MiB",36.8,6,7.3
23:04:54,"0, 5 %, 1434 MiB","1, 85 %, 16020 MiB",35.2,6,18.5
23:05:01,"0, 5 %, 1434 MiB","1, 96 %, 16074 MiB",36.3,6,23.9
23:05:07,"0, 5 %, 1434 MiB","1, 0 %, 3528 MiB",46.3,6,6.7
23:05:14,"0, 5 %, 1434 MiB","1, 99 %, 16112 MiB",39.3,6,19.0
23:05:20,"0, 5 %, 1434 MiB","1, 99 %, 16098 MiB",35.3,6,25.2
23:05:26,"0, 5 %, 1434 MiB","1, 1 %, 3162 MiB",52.4,6,6.8
23:05:32,"0, 4 %, 1434 MiB","1, 85 %, 16006 MiB",38.9,6,22.9
23:05:38,"0, 5 %, 1434 MiB","1, 90 %, 16114 MiB",36.5,6,25.4
23:05:44,"0, 5 %, 1434 MiB","1, 0 %, 0 MiB",58.5,1,0.0
23:05:50,"0, 5 %, 1434 MiB","1, 0 %, 2142 MiB",57.1,2,1.4
23:05:55,"0, 5 %, 1434 MiB","1, 0 %, 0 MiB",58.6,1,0.0
23:06:01,"0, 4 %, 1434 MiB","1, 0 %, 0 MiB",58.6,1,0.0
23:06:07,"0, 5 %, 1434 MiB","1, 0 %, 0 MiB",58.6,1,0.0
23:06:13,"0, 5 %, 1434 MiB","1, 0 %, 0 MiB",58.7,1,0.0
23:06:18,"0, 5 %, 1434 MiB","1, 0 %, 0 MiB",58.6,1,0.0
23:06:24,"0, 5 %, 1434 MiB","1, 0 %, 0 MiB",58.6,1,0.0
23:06:30,"0, 5 %, 1434 MiB","1, 0 %, 0 MiB",58.7,1,0.0
23:06:35,"0, 5 %, 1434 MiB","1, 0 %, 0 MiB",58.7,1,0.0
23:06:41,"0, 5 %, 1434 MiB","1, 0 %, 0 MiB",58.7,1,0.0
23:06:47,"0, 5 %, 1434 MiB","1, 0 %, 0 MiB",58.3,2,0.2
23:06:52,"0, 5 %, 1434 MiB","1, 79 %, 3110 MiB",55,2,3.4
23:06:58,"0, 5 %, 1434 MiB","1, 0 %, 0 MiB",58.6,1,0.0
23:07:04,"0, 5 %, 1434 MiB","1, 0 %, 0 MiB",58.6,1,0.0
23:07:10,"0, 5 %, 1434 MiB","1, 0 %, 308 MiB",54.8,3,1.7
23:07:16,"0, 5 %, 1434 MiB","1, 0 %, 3348 MiB",54.7,6,3.8
23:07:22,"0, 5 %, 1434 MiB","1, 100 %, 16020 MiB",40.9,6,18.6
23:07:28,"0, 4 %, 1434 MiB","1, 34 %, 16104 MiB",42.3,6,14.8
23:07:35,"0, 4 %, 1434 MiB","1, 100 %, 16094 MiB",48.2,6,11.8
23:07:41,"0, 5 %, 1434 MiB","1, 0 %, 4698 MiB",46.5,6,6.2
23:07:48,"0, 5 %, 1434 MiB","1, 99 %, 16112 MiB",45.9,6,12.5
23:07:54,"0, 5 %, 1434 MiB","1, 97 %, 16090 MiB",46.7,7,12.7
23:08:00,"0, 5 %, 1434 MiB","1, 100 %, 9072 MiB",47.7,17,12.6
23:08:09,"0, 5 %, 1434 MiB","1, 47 %, 13148 MiB",37.8,17,16.9
23:08:17,"0, 5 %, 1434 MiB","1, 99 %, 15684 MiB",37,17,22.0
23:08:23,"0, 5 %, 1434 MiB","1, 100 %, 15560 MiB",33.5,17,26.7
23:08:28,"0, 5 %, 1434 MiB","1, 100 %, 15666 MiB",32.8,17,27.5
23:08:34,"0, 5 %, 1434 MiB","1, 100 %, 15632 MiB",31.5,17,29.2
23:08:40,"0, 4 %, 1434 MiB","1, 100 %, 15632 MiB",32.3,17,28.9
23:08:46,"0, 5 %, 1434 MiB","1, 99 %, 15632 MiB",33.1,17,27.5
23:08:52,"0, 5 %, 1434 MiB","1, 99 %, 15714 MiB",33.4,17,27.2
23:08:58,"0, 0 %, 1434 MiB","1, 100 %, 15668 MiB",32.5,17,26.5
23:09:04,"0, 0 %, 1434 MiB","1, 99 %, 15676 MiB",34.9,17,25.8
23:09:10,"0, 0 %, 1434 MiB","1, 100 %, 15676 MiB",34.9,17,25.6
23:09:16,"0, 0 %, 1434 MiB","1, 100 %, 15676 MiB",35.8,17,24.7
23:09:21,"0, 0 %, 1434 MiB","1, 100 %, 15746 MiB",36.7,17,23.8
23:09:27,"0, 0 %, 1434 MiB","1, 99 %, 15748 MiB",37.5,17,22.7
23:09:33,"0, 4 %, 1404 MiB","1, 99 %, 13140 MiB",37.7,17,22.2
23:09:39,"0, 5 %, 1404 MiB","1, 100 %, 15536 MiB",34.4,17,26.0
23:09:45,"0, 5 %, 1404 MiB","1, 99 %, 15568 MiB",35.5,17,25.5
23:09:51,"0, 5 %, 1404 MiB","1, 100 %, 15628 MiB",35,17,25.6
23:10:00,"0, 5 %, 1404 MiB","1, 100 %, 5144 MiB",49.1,14,14.4
23:10:06,"0, 5 %, 1404 MiB","1, 73 %, 4300 MiB",50.9,12,8.0
23:10:12,"0, 5 %, 1404 MiB","1, 0 %, 0 MiB",58.6,1,0.0
23:10:17,"0, 5 %, 1404 MiB","1, 0 %, 0 MiB",58.6,1,0.0
23:10:23,"0, 5 %, 1404 MiB","1, 0 %, 0 MiB",58.6,1,0.0
23:10:29,"0, 5 %, 1404 MiB","1, 0 %, 0 MiB",58.6,1,0.0
23:10:35,"0, 4 %, 1404 MiB","1, 0 %, 0 MiB",58.5,1,0.0
23:10:40,"0, 5 %, 1404 MiB","1, 0 %, 0 MiB",58.6,1,0.0
23:10:46,"0, 4 %, 1404 MiB","1, 0 %, 0 MiB",58.6,1,0.0
23:10:52,"0, 4 %, 1404 MiB","1, 0 %, 0 MiB",58.6,1,0.0
23:10:58,"0, 5 %, 1404 MiB","1, 0 %, 0 MiB",58.6,1,0.0
23:11:03,"0, 5 %, 1404 MiB","1, 0 %, 0 MiB",58.6,1,0.0
23:11:09,"0, 5 %, 1404 MiB","1, 0 %, 0 MiB",58.6,1,0.0
23:11:15,"0, 5 %, 1404 MiB","1, 0 %, 0 MiB",58.6,1,0.0
23:11:20,"0, 4 %, 1404 MiB","1, 0 %, 0 MiB",58.6,1,0.0
23:11:26,"0, 4 %, 1404 MiB","1, 0 %, 308 MiB",56.8,10,1.2
23:11:32,"0, 5 %, 1404 MiB","1, 0 %, 3348 MiB",53.2,10,5.5
23:11:39,"0, 5 %, 1404 MiB","1, 0 %, 3994 MiB",49.8,10,8.6
23:11:45,"0, 5 %, 1404 MiB","1, 29 %, 3994 MiB",47.3,10,11.1
23:11:52,"0, 5 %, 1404 MiB","1, 0 %, 3994 MiB",45.3,10,13.3
23:11:58,"0, 5 %, 1404 MiB","1, 0 %, 3994 MiB",42.7,10,15.8
23:12:05,"0, 5 %, 1404 MiB","1, 0 %, 3994 MiB",39.8,10,18.6
23:12:11,"0, 5 %, 1404 MiB","1, 0 %, 3994 MiB",37.4,10,21.2
23:12:18,"0, 4 %, 1404 MiB","1, 0 %, 3994 MiB",35.4,10,23.8
23:12:24,"0, 5 %, 1404 MiB","1, 45 %, 3994 MiB",33.3,10,26.4
23:12:31,"0, 5 %, 1404 MiB","1, 1 %, 3994 MiB",30.8,10,28.6
23:12:37,"0, 5 %, 1404 MiB","1, 41 %, 3994 MiB",28.3,10,31.3
23:12:44,"0, 5 %, 1404 MiB","1, 61 %, 3994 MiB",26.1,10,33.6
23:12:51,"0, 5 %, 1404 MiB","1, 0 %, 3994 MiB",22.9,10,35.7
23:12:58,"0, 5 %, 1404 MiB","1, 1 %, 5442 MiB",19.9,10,40.0
23:13:04,"0, 5 %, 1404 MiB","1, 11 %, 5434 MiB",20.2,10,39.9
23:13:10,"0, 4 %, 1404 MiB","1, 0 %, 5434 MiB",40.8,2,24.2
23:13:15,"0, 5 %, 1404 MiB","1, 0 %, 0 MiB",58.5,1,0.0
23:13:21,"0, 5 %, 1404 MiB","1, 0 %, 0 MiB",58.6,1,0.0
23:13:27,"0, 5 %, 1404 MiB","1, 0 %, 2312 MiB",57.3,2,1.1
23:13:33,"0, 5 %, 1404 MiB","1, 1 %, 3994 MiB",51.1,10,8.2
23:13:39,"0, 4 %, 1404 MiB","1, 0 %, 3994 MiB",48.5,10,9.9
23:13:46,"0, 5 %, 1404 MiB","1, 56 %, 3994 MiB",46.5,10,12.5
23:13:52,"0, 5 %, 1404 MiB","1, 0 %, 3994 MiB",43.9,10,14.5
23:13:58,"0, 5 %, 1404 MiB","1, 0 %, 3994 MiB",41.3,10,17.1
23:14:04,"0, 5 %, 1404 MiB","1, 0 %, 3994 MiB",39.2,10,19.8
23:14:11,"0, 5 %, 1404 MiB","1, 1 %, 3994 MiB",37.3,10,22.4
23:14:17,"0, 5 %, 1404 MiB","1, 0 %, 3994 MiB",34.2,10,25.0
23:14:23,"0, 5 %, 1404 MiB","1, 40 %, 3994 MiB",32.4,10,27.3
23:14:29,"0, 5 %, 1404 MiB","1, 0 %, 3994 MiB",30.1,10,29.1
23:14:36,"0, 4 %, 1404 MiB","1, 66 %, 3994 MiB",28.1,10,31.9
23:14:42,"0, 5 %, 1404 MiB","1, 0 %, 3994 MiB",25.7,10,33.8
23:14:49,"0, 5 %, 1404 MiB","1, 21 %, 3994 MiB",21.6,10,36.4
23:14:56,"0, 4 %, 1404 MiB","1, 0 %, 5416 MiB",20.2,10,40.9
23:15:02,"0, 5 %, 1404 MiB","1, 62 %, 5438 MiB",20.3,10,39.8
23:15:08,"0, 5 %, 1404 MiB","1, 0 %, 5438 MiB",57.8,2,2.8
23:15:14,"0, 5 %, 1404 MiB","1, 0 %, 0 MiB",58.5,1,0.0
23:15:19,"0, 5 %, 1404 MiB","1, 0 %, 0 MiB",58.5,1,0.0
23:15:25,"0, 5 %, 1404 MiB","1, 0 %, 0 MiB",58.5,1,0.0
23:15:31,"0, 5 %, 1404 MiB","1, 0 %, 0 MiB",58.3,2,0.1
23:15:37,"0, 5 %, 1404 MiB","1, 43 %, 2312 MiB",54.1,10,2.7
23:15:43,"0, 5 %, 1404 MiB","1, 0 %, 3994 MiB",49.7,10,8.3
23:15:52,"0, 5 %, 1404 MiB","1, 31 %, 5654 MiB",46.6,21,13.3
23:15:59,"0, 5 %, 1404 MiB","1, 79 %, 3994 MiB",43.5,10,15.2
23:16:06,"0, 5 %, 1404 MiB","1, 83 %, 3994 MiB",40.1,10,18.6
23:16:13,"0, 4 %, 1404 MiB","1, 59 %, 3994 MiB",37.2,10,21.9
23:16:20,"0, 5 %, 1404 MiB","1, 0 %, 3994 MiB",34.3,10,25.1
23:16:26,"0, 5 %, 1404 MiB","1, 48 %, 4006 MiB",27.7,11,28.2
23:16:41,"0, 5 %, 1404 MiB","1, 12 %, 7306 MiB",21.6,21,37.2
23:17:04,"0, 5 %, 1404 MiB","1, 83 %, 8308 MiB",18.9,21,38.3
23:17:10,"0, 5 %, 1404 MiB","1, 86 %, 5448 MiB",19.9,10,40.7
23:17:17,"0, 4 %, 1404 MiB","1, 0 %, 5472 MiB",46,2,22.0
23:17:22,"0, 5 %, 1404 MiB","1, 0 %, 0 MiB",58.6,1,0.0
23:17:28,"0, 5 %, 1404 MiB","1, 0 %, 0 MiB",58.6,1,0.0
23:17:34,"0, 5 %, 1404 MiB","1, 0 %, 0 MiB",58.6,1,0.0
23:17:40,"0, 5 %, 1404 MiB","1, 0 %, 0 MiB",58.6,1,0.0
23:17:45,"0, 5 %, 1404 MiB","1, 0 %, 0 MiB",58.5,1,0.0
23:17:51,"0, 4 %, 1404 MiB","1, 0 %, 12 MiB",56.3,2,0.3
23:17:57,"0, 5 %, 1404 MiB","1, 69 %, 3348 MiB",55.6,2,3.3
23:18:03,"0, 5 %, 1404 MiB","1, 90 %, 3348 MiB",58.1,2,1.6
23:18:08,"0, 5 %, 1404 MiB","1, 0 %, 0 MiB",57.9,1,0.0
23:18:14,"0, 1 %, 1954 MiB","1, 0 %, 0 MiB",57.3,1,0.0
23:18:20,"0, 3 %, 1906 MiB","1, 0 %, 0 MiB",57.3,1,0.0
23:18:26,"0, 0 %, 1877 MiB","1, 0 %, 0 MiB",57.4,1,0.0
23:18:31,"0, 0 %, 1805 MiB","1, 0 %, 0 MiB",57.5,1,0.0
23:18:37,"0, 0 %, 1813 MiB","1, 0 %, 0 MiB",57.5,1,0.0
23:18:43,"0, 1 %, 1825 MiB","1, 0 %, 0 MiB",57.5,1,0.0
23:18:48,"0, 0 %, 1848 MiB","1, 0 %, 0 MiB",57.3,1,0.0
23:18:54,"0, 0 %, 1860 MiB","1, 0 %, 0 MiB",58,1,0.0
23:19:00,"0, 1 %, 1858 MiB","1, 0 %, 0 MiB",58,1,0.0
23:19:05,"0, 0 %, 1830 MiB","1, 0 %, 0 MiB",58,1,0.0
23:19:11,"0, 0 %, 1764 MiB","1, 0 %, 0 MiB",58.1,1,0.0
23:19:17,"0, 0 %, 1744 MiB","1, 0 %, 0 MiB",58.1,1,0.0
23:19:22,"0, 0 %, 1744 MiB","1, 0 %, 0 MiB",58.1,1,0.0
23:19:28,"0, 0 %, 1756 MiB","1, 0 %, 0 MiB",58.1,1,0.0
23:19:34,"0, 0 %, 1759 MiB","1, 0 %, 0 MiB",58.1,1,0.0
23:19:40,"0, 0 %, 1752 MiB","1, 0 %, 0 MiB",58.1,1,0.0
23:19:45,"0, 0 %, 1763 MiB","1, 0 %, 0 MiB",58.1,1,0.0
23:19:51,"0, 0 %, 1763 MiB","1, 0 %, 0 MiB",58.1,1,0.0
23:19:57,"0, 0 %, 1761 MiB","1, 0 %, 0 MiB",58.4,1,0.0
23:20:02,"0, 0 %, 1757 MiB","1, 0 %, 0 MiB",58.4,1,0.0
23:20:08,"0, 0 %, 1753 MiB","1, 0 %, 0 MiB",58.4,1,0.0
23:20:14,"0, 0 %, 1753 MiB","1, 0 %, 0 MiB",58.4,1,0.0
23:20:19,"0, 0 %, 1743 MiB","1, 0 %, 0 MiB",58.4,1,0.0
23:20:25,"0, 0 %, 1743 MiB","1, 0 %, 0 MiB",58.4,1,0.0
23:20:31,"0, 0 %, 1743 MiB","1, 0 %, 0 MiB",58.4,1,0.0
23:20:36,"0, 0 %, 1743 MiB","1, 0 %, 0 MiB",58.4,1,0.0
23:20:42,"0, 0 %, 1743 MiB","1, 0 %, 0 MiB",58.4,1,0.0
23:20:48,"0, 0 %, 1743 MiB","1, 0 %, 0 MiB",58.4,1,0.0
23:20:53,"0, 0 %, 1743 MiB","1, 0 %, 0 MiB",58.4,1,0.0
23:20:59,"0, 0 %, 1743 MiB","1, 0 %, 0 MiB",58.5,1,0.0
23:21:05,"0, 0 %, 1746 MiB","1, 0 %, 0 MiB",58.4,1,0.0
23:21:10,"0, 0 %, 1746 MiB","1, 0 %, 0 MiB",58.5,1,0.0
23:21:16,"0, 0 %, 1746 MiB","1, 0 %, 0 MiB",58.4,1,0.0
23:21:22,"0, 0 %, 1746 MiB","1, 0 %, 0 MiB",58.4,1,0.0
23:21:28,"0, 0 %, 1745 MiB","1, 0 %, 0 MiB",58.5,1,0.0
23:21:33,"0, 0 %, 1752 MiB","1, 0 %, 0 MiB",58.5,1,0.0
23:21:39,"0, 0 %, 1752 MiB","1, 0 %, 0 MiB",58.5,1,0.0
23:21:45,"0, 0 %, 1752 MiB","1, 0 %, 0 MiB",58.4,1,0.0
23:21:50,"0, 0 %, 1749 MiB","1, 0 %, 0 MiB",58.5,1,0.0
23:21:56,"0, 0 %, 1753 MiB","1, 0 %, 0 MiB",58.5,1,0.0
23:22:02,"0, 0 %, 1757 MiB","1, 0 %, 0 MiB",58.5,1,0.0
23:22:07,"0, 0 %, 1750 MiB","1, 0 %, 0 MiB",58.5,1,0.0
23:22:13,"0, 0 %, 1742 MiB","1, 0 %, 0 MiB",58.5,1,0.0
23:22:19,"0, 0 %, 1763 MiB","1, 0 %, 0 MiB",58.5,1,0.0
23:22:24,"0, 0 %, 1760 MiB","1, 0 %, 0 MiB",58.5,1,0.0
23:22:30,"0, 0 %, 1752 MiB","1, 0 %, 0 MiB",58.5,1,0.0
23:22:36,"0, 0 %, 1746 MiB","1, 0 %, 0 MiB",58.5,1,0.0
23:22:41,"0, 0 %, 1746 MiB","1, 0 %, 0 MiB",58.4,1,0.0
23:22:47,"0, 0 %, 1746 MiB","1, 0 %, 0 MiB",58.5,1,0.0
23:22:53,"0, 0 %, 1746 MiB","1, 0 %, 0 MiB",58.5,1,0.0
23:22:58,"0, 0 %, 1746 MiB","1, 0 %, 0 MiB",58.5,1,0.0
23:23:04,"0, 0 %, 1749 MiB","1, 0 %, 0 MiB",58.5,1,0.0
23:23:10,"0, 1 %, 1744 MiB","1, 0 %, 0 MiB",58.4,1,0.0
23:23:15,"0, 1 %, 1744 MiB","1, 0 %, 0 MiB",58.4,1,0.0
23:23:21,"0, 1 %, 1730 MiB","1, 0 %, 0 MiB",58.4,1,0.0
23:23:27,"0, 1 %, 1730 MiB","1, 0 %, 0 MiB",58.4,1,0.0
23:23:32,"0, 1 %, 1730 MiB","1, 0 %, 0 MiB",58.4,1,0.0
23:23:38,"0, 1 %, 1730 MiB","1, 0 %, 0 MiB",58.3,1,0.0
23:23:44,"0, 1 %, 1661 MiB","1, 0 %, 0 MiB",58,1,0.0
23:23:50,"0, 1 %, 1647 MiB","1, 0 %, 0 MiB",58,1,0.0
23:23:56,"0, 1 %, 1659 MiB","1, 0 %, 0 MiB",58,1,0.0
23:24:02,"0, 1 %, 1645 MiB","1, 0 %, 0 MiB",58,1,0.0
23:24:08,"0, 1 %, 1645 MiB","1, 0 %, 0 MiB",58,1,0.0
23:24:14,"0, 1 %, 1668 MiB","1, 0 %, 0 MiB",58,1,0.0
23:24:20,"0, 1 %, 1652 MiB","1, 0 %, 0 MiB",58,1,0.0
23:24:26,"0, 0 %, 1667 MiB","1, 0 %, 0 MiB",58,1,0.0
23:24:32,"0, 0 %, 1669 MiB","1, 0 %, 0 MiB",58,1,0.0
23:24:38,"0, 0 %, 1668 MiB","1, 0 %, 0 MiB",58.1,1,0.0
23:24:44,"0, 0 %, 1661 MiB","1, 0 %, 0 MiB",58.1,1,0.0
23:24:49,"0, 0 %, 1661 MiB","1, 0 %, 0 MiB",58.1,1,0.0
23:24:55,"0, 0 %, 1658 MiB","1, 0 %, 0 MiB",58.1,1,0.0
23:25:01,"0, 0 %, 1652 MiB","1, 0 %, 0 MiB",58,1,0.0
23:25:06,"0, 0 %, 1652 MiB","1, 0 %, 0 MiB",58.1,1,0.0
23:25:12,"0, 0 %, 1663 MiB","1, 0 %, 0 MiB",58.1,1,0.0
23:25:18,"0, 1 %, 1656 MiB","1, 0 %, 0 MiB",58.1,1,0.0
23:25:24,"0, 0 %, 1654 MiB","1, 0 %, 0 MiB",58,1,0.0
23:25:29,"0, 0 %, 1644 MiB","1, 0 %, 0 MiB",58,1,0.0
23:25:35,"0, 0 %, 1658 MiB","1, 0 %, 0 MiB",58.1,1,0.0
23:25:41,"0, 0 %, 1658 MiB","1, 0 %, 0 MiB",58,1,0.0
23:25:46,"0, 1 %, 1652 MiB","1, 0 %, 0 MiB",58,1,0.0
23:25:52,"0, 0 %, 1661 MiB","1, 0 %, 0 MiB",58.1,1,0.0
23:25:58,"0, 0 %, 1675 MiB","1, 0 %, 0 MiB",58,1,0.0
23:26:03,"0, 1 %, 1665 MiB","1, 0 %, 0 MiB",58,1,0.0
23:26:09,"0, 1 %, 1663 MiB","1, 0 %, 0 MiB",58,1,0.0
23:26:15,"0, 1 %, 1658 MiB","1, 0 %, 0 MiB",58.1,1,0.0
23:26:21,"0, 1 %, 1679 MiB","1, 0 %, 0 MiB",58,1,0.0
23:26:26,"0, 1 %, 1675 MiB","1, 0 %, 0 MiB",58.1,1,0.0
23:26:32,"0, 1 %, 1668 MiB","1, 0 %, 0 MiB",58.1,1,0.0
23:26:38,"0, 1 %, 1676 MiB","1, 0 %, 0 MiB",58,1,0.0
23:26:43,"0, 1 %, 1677 MiB","1, 0 %, 0 MiB",58,1,0.0
23:26:49,"0, 1 %, 1669 MiB","1, 0 %, 0 MiB",58,1,0.0
23:26:55,"0, 1 %, 1669 MiB","1, 0 %, 0 MiB",58,1,0.0
23:27:01,"0, 1 %, 1669 MiB","1, 0 %, 0 MiB",58,1,0.0
23:27:06,"0, 1 %, 1669 MiB","1, 0 %, 0 MiB",58,1,0.0
23:27:12,"0, 1 %, 1669 MiB","1, 0 %, 0 MiB",58,1,0.0
23:27:18,"0, 1 %, 1663 MiB","1, 0 %, 0 MiB",58,1,0.0
23:27:23,"0, 1 %, 1654 MiB","1, 0 %, 0 MiB",58,1,0.0
23:27:29,"0, 1 %, 1662 MiB","1, 0 %, 0 MiB",58,1,0.0
23:27:35,"0, 1 %, 1654 MiB","1, 0 %, 0 MiB",58,1,0.0
23:27:40,"0, 1 %, 1654 MiB","1, 0 %, 0 MiB",58,1,0.0
23:27:46,"0, 1 %, 1654 MiB","1, 0 %, 0 MiB",58,1,0.0
23:27:52,"0, 1 %, 1662 MiB","1, 0 %, 0 MiB",58,1,0.0
23:27:58,"0, 1 %, 1674 MiB","1, 0 %, 0 MiB",58,1,0.0
23:28:03,"0, 2 %, 1673 MiB","1, 0 %, 0 MiB",58,1,0.0
23:28:09,"0, 1 %, 1656 MiB","1, 0 %, 0 MiB",58,1,0.0
23:28:15,"0, 5 %, 1754 MiB","1, 0 %, 0 MiB",57.7,1,0.0
23:28:20,"0, 2 %, 1665 MiB","1, 0 %, 0 MiB",57.7,1,0.0
23:28:26,"0, 2 %, 1705 MiB","1, 0 %, 0 MiB",57.7,2,0.0
23:28:32,"0, 3 %, 1664 MiB","1, 13 %, 3348 MiB",53.1,2,4.6
23:28:38,"0, 3 %, 1666 MiB","1, 0 %, 0 MiB",57.7,1,0.0
23:28:44,"0, 3 %, 1679 MiB","1, 0 %, 0 MiB",57.7,1,0.0
23:28:49,"0, 3 %, 1685 MiB","1, 0 %, 0 MiB",57.6,1,0.0
23:28:55,"0, 6 %, 1773 MiB","1, 0 %, 0 MiB",57.7,1,0.0
23:29:01,"0, 4 %, 1545 MiB","1, 0 %, 0 MiB",57.7,2,0.0
23:29:07,"0, 5 %, 1545 MiB","1, 80 %, 3348 MiB",53.4,2,4.8
23:29:13,"0, 3 %, 1545 MiB","1, 88 %, 3348 MiB",55.4,2,3.3
23:29:18,"0, 0 %, 1545 MiB","1, 0 %, 0 MiB",57.8,1,0.0
23:29:24,"0, 5 %, 1545 MiB","1, 0 %, 0 MiB",57.9,1,0.0
23:29:30,"0, 5 %, 1545 MiB","1, 0 %, 0 MiB",57.8,1,0.0
23:29:35,"0, 5 %, 1545 MiB","1, 0 %, 0 MiB",57.9,1,0.0
23:29:41,"0, 4 %, 1545 MiB","1, 0 %, 0 MiB",57.9,1,0.0
23:29:47,"0, 5 %, 1545 MiB","1, 0 %, 0 MiB",58,1,0.0
23:29:53,"0, 4 %, 1545 MiB","1, 0 %, 0 MiB",57.9,1,0.0
23:29:58,"0, 5 %, 1545 MiB","1, 0 %, 0 MiB",57.9,1,0.0
23:30:04,"0, 5 %, 1545 MiB","1, 0 %, 0 MiB",57.9,1,0.0
23:30:10,"0, 5 %, 1545 MiB","1, 0 %, 0 MiB",57.8,1,0.0
23:30:16,"0, 4 %, 1879 MiB","1, 0 %, 0 MiB",57.4,1,0.0
23:30:21,"0, 0 %, 1842 MiB","1, 0 %, 0 MiB",57.4,1,0.0
23:30:27,"0, 1 %, 1819 MiB","1, 0 %, 0 MiB",57.4,1,0.0
23:30:33,"0, 3 %, 1785 MiB","1, 0 %, 0 MiB",57.4,1,0.0
23:30:38,"0, 1 %, 1774 MiB","1, 0 %, 0 MiB",57.4,1,0.0
23:30:44,"0, 2 %, 1757 MiB","1, 0 %, 0 MiB",57.4,1,0.0
23:30:50,"0, 1 %, 1717 MiB","1, 0 %, 0 MiB",57.4,1,0.0
23:30:56,"0, 1 %, 1735 MiB","1, 0 %, 0 MiB",57.4,1,0.0
23:31:01,"0, 1 %, 1718 MiB","1, 0 %, 0 MiB",57.4,1,0.0
23:31:07,"0, 1 %, 1722 MiB","1, 0 %, 0 MiB",57.4,1,0.0
23:31:13,"0, 0 %, 1722 MiB","1, 0 %, 0 MiB",57.4,1,0.0
23:31:18,"0, 1 %, 1721 MiB","1, 0 %, 0 MiB",57.4,1,0.0
23:31:24,"0, 1 %, 1716 MiB","1, 0 %, 0 MiB",57.4,1,0.0
23:31:30,"0, 1 %, 1716 MiB","1, 0 %, 0 MiB",57.4,1,0.0
23:31:36,"0, 1 %, 1723 MiB","1, 0 %, 0 MiB",57.4,1,0.0
23:31:41,"0, 1 %, 1717 MiB","1, 0 %, 0 MiB",57.4,1,0.0
23:31:47,"0, 2 %, 1737 MiB","1, 0 %, 0 MiB",57.4,1,0.0
23:31:53,"0, 3 %, 1742 MiB","1, 0 %, 0 MiB",57.4,1,0.0
23:31:58,"0, 5 %, 1786 MiB","1, 0 %, 0 MiB",57.7,1,0.0
23:32:04,"0, 3 %, 1761 MiB","1, 0 %, 0 MiB",57.7,1,0.0
23:32:10,"0, 3 %, 1759 MiB","1, 0 %, 0 MiB",57.7,1,0.0
23:32:16,"0, 0 %, 1789 MiB","1, 0 %, 0 MiB",57.7,1,0.0
23:32:21,"0, 0 %, 1789 MiB","1, 0 %, 0 MiB",57.7,1,0.0
23:32:27,"0, 0 %, 1789 MiB","1, 0 %, 0 MiB",57.8,1,0.0
23:32:33,"0, 0 %, 1789 MiB","1, 0 %, 0 MiB",57.9,1,0.0
23:32:38,"0, 0 %, 1789 MiB","1, 0 %, 0 MiB",57.9,1,0.0
23:32:44,"0, 0 %, 1789 MiB","1, 0 %, 0 MiB",57.9,1,0.0
23:32:50,"0, 0 %, 1789 MiB","1, 0 %, 0 MiB",57.9,1,0.0
23:32:55,"0, 0 %, 1789 MiB","1, 0 %, 0 MiB",57.9,1,0.0
23:33:01,"0, 0 %, 1789 MiB","1, 0 %, 0 MiB",57.9,1,0.0
23:33:07,"0, 0 %, 1789 MiB","1, 0 %, 0 MiB",57.9,1,0.0
23:33:13,"0, 0 %, 1789 MiB","1, 0 %, 0 MiB",57.9,1,0.0
23:33:18,"0, 0 %, 1789 MiB","1, 0 %, 0 MiB",57.9,1,0.0
23:33:24,"0, 0 %, 1789 MiB","1, 0 %, 0 MiB",57.9,1,0.0
23:33:30,"0, 0 %, 1789 MiB","1, 0 %, 0 MiB",58,1,0.0
23:33:35,"0, 0 %, 1789 MiB","1, 0 %, 0 MiB",57.9,1,0.0
23:33:41,"0, 0 %, 1789 MiB","1, 0 %, 0 MiB",57.9,1,0.0
23:33:47,"0, 0 %, 1789 MiB","1, 0 %, 0 MiB",58,1,0.0
23:33:52,"0, 0 %, 1789 MiB","1, 0 %, 0 MiB",57.9,1,0.0
23:33:58,"0, 0 %, 1789 MiB","1, 0 %, 0 MiB",58,1,0.0
23:34:04,"0, 0 %, 1789 MiB","1, 0 %, 0 MiB",58,1,0.0
23:34:10,"0, 5 %, 1765 MiB","1, 0 %, 0 MiB",57.8,1,0.0
23:34:15,"0, 4 %, 1765 MiB","1, 0 %, 0 MiB",57.8,1,0.0
23:34:21,"0, 5 %, 1765 MiB","1, 0 %, 0 MiB",57.8,1,0.0
23:34:27,"0, 5 %, 1765 MiB","1, 23 %, 1612 MiB",55.4,2,1.6
23:34:33,"0, 4 %, 1765 MiB","1, 74 %, 3348 MiB",55.8,2,2.7
23:34:38,"0, 5 %, 1765 MiB","1, 81 %, 3348 MiB",52.8,2,3.6
23:34:44,"0, 0 %, 1765 MiB","1, 0 %, 0 MiB",57.5,1,0.0
23:34:50,"0, 0 %, 1765 MiB","1, 0 %, 0 MiB",57.6,1,0.0
23:34:56,"0, 5 %, 1765 MiB","1, 30 %, 2144 MiB",55.2,2,2.5
23:35:02,"0, 4 %, 1765 MiB","1, 71 %, 3314 MiB",54.9,2,4.2
23:35:08,"0, 5 %, 1765 MiB","1, 0 %, 0 MiB",57.7,1,0.0
23:35:13,"0, 5 %, 1765 MiB","1, 0 %, 0 MiB",57.8,1,0.0
23:35:19,"0, 5 %, 1765 MiB","1, 0 %, 306 MiB",57,2,0.7
23:35:25,"0, 4 %, 1765 MiB","1, 0 %, 0 MiB",57.8,1,0.0
23:35:30,"0, 5 %, 1765 MiB","1, 0 %, 0 MiB",57.8,1,0.0
23:35:36,"0, 5 %, 1765 MiB","1, 0 %, 0 MiB",57.8,1,0.0
23:35:42,"0, 4 %, 1765 MiB","1, 0 %, 0 MiB",57.8,1,0.0
23:35:47,"0, 5 %, 1765 MiB","1, 0 %, 0 MiB",57.8,1,0.0
23:35:53,"0, 5 %, 1765 MiB","1, 80 %, 2278 MiB",55.9,2,1.8
23:35:59,"0, 5 %, 1765 MiB","1, 88 %, 3348 MiB",57.5,2,1.7
23:36:05,"0, 4 %, 1765 MiB","1, 0 %, 0 MiB",57.7,1,0.0
23:36:11,"0, 5 %, 1765 MiB","1, 0 %, 0 MiB",57.7,1,0.0
23:36:16,"0, 5 %, 1765 MiB","1, 0 %, 0 MiB",57.7,1,0.0
23:36:22,"0, 4 %, 1765 MiB","1, 0 %, 0 MiB",57.7,1,0.0
23:36:28,"0, 5 %, 1765 MiB","1, 0 %, 0 MiB",57.8,1,0.0
23:36:33,"0, 4 %, 1765 MiB","1, 0 %, 0 MiB",57.7,1,0.0
23:36:39,"0, 5 %, 1765 MiB","1, 0 %, 0 MiB",57.8,1,0.0
23:36:45,"0, 5 %, 1765 MiB","1, 7 %, 306 MiB",55.3,2,0.4
23:36:51,"0, 4 %, 1765 MiB","1, 61 %, 3312 MiB",53,2,4.4
23:36:57,"0, 5 %, 1765 MiB","1, 85 %, 3312 MiB",54.8,2,4.3
23:37:03,"0, 5 %, 1765 MiB","1, 87 %, 3312 MiB",57.7,2,1.7
23:37:08,"0, 5 %, 1765 MiB","1, 0 %, 0 MiB",57.7,1,0.0
23:37:14,"0, 5 %, 1765 MiB","1, 0 %, 0 MiB",57.4,2,0.3
23:37:20,"0, 5 %, 1765 MiB","1, 0 %, 3956 MiB",52,2,5.5
23:37:26,"0, 5 %, 1765 MiB","1, 82 %, 3956 MiB",52.2,2,5.6
23:37:32,"0, 5 %, 1765 MiB","1, 46 %, 3956 MiB",51.7,2,6.1
23:37:38,"0, 5 %, 1765 MiB","1, 43 %, 3956 MiB",51.7,2,6.1
23:37:44,"0, 5 %, 1765 MiB","1, 1 %, 3956 MiB",51.8,2,6.2
23:37:50,"0, 5 %, 1765 MiB","1, 45 %, 3956 MiB",50.3,2,6.0
23:37:56,"0, 5 %, 1765 MiB","1, 71 %, 5412 MiB",53.8,2,4.8
23:38:02,"0, 5 %, 1765 MiB","1, 0 %, 0 MiB",57.6,1,0.0
23:38:08,"0, 5 %, 1765 MiB","1, 0 %, 0 MiB",57.7,1,0.0
23:38:14,"0, 5 %, 1765 MiB","1, 0 %, 0 MiB",57.7,1,0.0
23:38:19,"0, 5 %, 1765 MiB","1, 0 %, 0 MiB",57.8,1,0.0
23:38:25,"0, 4 %, 1765 MiB","1, 0 %, 0 MiB",57.7,1,0.0
23:38:31,"0, 5 %, 1765 MiB","1, 0 %, 0 MiB",57.6,1,0.0
23:38:37,"0, 3 %, 1918 MiB","1, 0 %, 0 MiB",57.2,1,0.0
23:38:42,"0, 0 %, 1905 MiB","1, 0 %, 0 MiB",57.3,1,0.0
23:38:48,"0, 1 %, 1877 MiB","1, 0 %, 0 MiB",57.2,1,0.0
23:38:54,"0, 0 %, 1870 MiB","1, 0 %, 0 MiB",57.2,1,0.0
23:38:59,"0, 0 %, 1875 MiB","1, 0 %, 0 MiB",57.2,1,0.0
23:39:05,"0, 2 %, 1868 MiB","1, 0 %, 0 MiB",57.3,1,0.0
23:39:11,"0, 0 %, 1855 MiB","1, 0 %, 0 MiB",57.2,1,0.0
23:39:16,"0, 0 %, 1809 MiB","1, 0 %, 0 MiB",57.3,1,0.0
23:39:22,"0, 0 %, 1813 MiB","1, 0 %, 0 MiB",57.3,1,0.0
23:39:28,"0, 0 %, 1809 MiB","1, 0 %, 0 MiB",57.3,1,0.0
23:39:33,"0, 0 %, 1809 MiB","1, 0 %, 0 MiB",57.3,1,0.0
23:39:39,"0, 0 %, 1809 MiB","1, 0 %, 0 MiB",57.3,1,0.0
23:39:45,"0, 1 %, 1817 MiB","1, 0 %, 0 MiB",57.3,1,0.0
23:39:51,"0, 2 %, 1802 MiB","1, 0 %, 0 MiB",57.2,1,0.0
23:39:56,"0, 2 %, 1764 MiB","1, 0 %, 0 MiB",57.2,1,0.0
23:40:02,"0, 2 %, 1764 MiB","1, 0 %, 0 MiB",57.2,1,0.0
23:40:08,"0, 2 %, 1761 MiB","1, 0 %, 0 MiB",57.2,1,0.0
23:40:13,"0, 2 %, 1635 MiB","1, 0 %, 0 MiB",57.2,1,0.0
23:40:19,"0, 2 %, 1635 MiB","1, 0 %, 0 MiB",57.4,1,0.0
23:40:25,"0, 2 %, 1685 MiB","1, 0 %, 0 MiB",57.6,1,0.0
23:40:30,"0, 2 %, 1644 MiB","1, 0 %, 0 MiB",57.6,1,0.0
23:40:36,"0, 2 %, 1647 MiB","1, 0 %, 0 MiB",57.6,1,0.0
23:40:42,"0, 2 %, 1642 MiB","1, 0 %, 0 MiB",57.6,1,0.0
23:40:48,"0, 2 %, 1644 MiB","1, 0 %, 0 MiB",57.6,1,0.0
23:40:53,"0, 3 %, 1653 MiB","1, 0 %, 0 MiB",57.6,1,0.0
23:40:59,"0, 3 %, 1642 MiB","1, 0 %, 0 MiB",57.6,1,0.0
23:41:05,"0, 3 %, 1645 MiB","1, 0 %, 0 MiB",57.5,2,0.1
23:41:10,"0, 2 %, 1643 MiB","1, 0 %, 0 MiB",57.6,1,0.0
23:41:16,"0, 2 %, 1643 MiB","1, 0 %, 0 MiB",57.6,1,0.0
23:41:22,"0, 3 %, 1646 MiB","1, 0 %, 0 MiB",57.6,1,0.0
23:41:28,"0, 3 %, 1646 MiB","1, 0 %, 0 MiB",57.6,1,0.0
23:41:33,"0, 2 %, 1647 MiB","1, 0 %, 0 MiB",57.6,1,0.0
23:41:39,"0, 2 %, 1647 MiB","1, 0 %, 0 MiB",57.5,1,0.0
23:41:45,"0, 2 %, 1647 MiB","1, 0 %, 0 MiB",57.5,1,0.0
23:41:50,"0, 2 %, 1653 MiB","1, 0 %, 0 MiB",57.3,2,0.0
23:41:56,"0, 3 %, 1647 MiB","1, 2 %, 2288 MiB",54.5,2,1.7
23:42:02,"0, 3 %, 1651 MiB","1, 45 %, 3348 MiB",52.8,2,4.6
23:42:08,"0, 3 %, 1650 MiB","1, 0 %, 0 MiB",57.3,1,0.0
23:42:14,"0, 3 %, 1661 MiB","1, 0 %, 0 MiB",57.4,1,0.0
23:42:20,"0, 2 %, 1658 MiB","1, 0 %, 0 MiB",57.5,1,0.0
23:42:25,"0, 2 %, 1658 MiB","1, 0 %, 0 MiB",57.5,1,0.0
23:42:31,"0, 2 %, 1658 MiB","1, 0 %, 0 MiB",57.5,1,0.0
23:42:37,"0, 4 %, 1690 MiB","1, 0 %, 0 MiB",57.5,1,0.0
23:42:43,"0, 1 %, 1678 MiB","1, 46 %, 3312 MiB",54.3,2,4.5
23:42:48,"0, 5 %, 1689 MiB","1, 0 %, 0 MiB",57.6,1,0.0
23:42:54,"0, 4 %, 1689 MiB","1, 0 %, 0 MiB",57.7,1,0.0
23:43:00,"0, 0 %, 1689 MiB","1, 0 %, 0 MiB",57.8,1,0.0
23:43:05,"0, 0 %, 1689 MiB","1, 0 %, 0 MiB",57.8,1,0.0
23:43:11,"0, 0 %, 1689 MiB","1, 0 %, 0 MiB",57.8,1,0.0
23:43:17,"0, 0 %, 1689 MiB","1, 0 %, 0 MiB",57.8,1,0.0
23:43:22,"0, 0 %, 1689 MiB","1, 0 %, 0 MiB",57.7,1,0.0
23:43:28,"0, 0 %, 1689 MiB","1, 0 %, 0 MiB",57.7,1,0.0
23:43:34,"0, 0 %, 1689 MiB","1, 0 %, 0 MiB",57.7,1,0.0
23:43:40,"0, 0 %, 1689 MiB","1, 0 %, 0 MiB",57.8,1,0.0
23:43:45,"0, 0 %, 1689 MiB","1, 0 %, 0 MiB",57.8,1,0.0
23:43:51,"0, 5 %, 1689 MiB","1, 0 %, 0 MiB",57.7,1,0.0
23:43:57,"0, 5 %, 1689 MiB","1, 0 %, 0 MiB",57.6,1,0.0
23:44:02,"0, 4 %, 1689 MiB","1, 0 %, 0 MiB",57.6,1,0.0
23:44:08,"0, 5 %, 1689 MiB","1, 0 %, 0 MiB",57.7,1,0.0
23:44:14,"0, 5 %, 1689 MiB","1, 0 %, 0 MiB",57.7,1,0.0
23:44:20,"0, 4 %, 1689 MiB","1, 0 %, 0 MiB",57.7,1,0.0
23:44:25,"0, 5 %, 1689 MiB","1, 0 %, 0 MiB",57.7,1,0.0
23:44:31,"0, 5 %, 1689 MiB","1, 22 %, 2278 MiB",55.8,2,1.6
23:44:37,"0, 5 %, 1689 MiB","1, 84 %, 3348 MiB",54.7,2,1.7
23:44:43,"0, 4 %, 1689 MiB","1, 0 %, 0 MiB",57.6,1,0.0
23:44:48,"0, 5 %, 1689 MiB","1, 0 %, 0 MiB",57.7,1,0.0
23:44:54,"0, 5 %, 1689 MiB","1, 0 %, 0 MiB",57.7,1,0.0
23:45:00,"0, 4 %, 1689 MiB","1, 0 %, 0 MiB",57.7,1,0.0
23:45:06,"0, 5 %, 1689 MiB","1, 0 %, 0 MiB",57.7,1,0.0
23:45:11,"0, 5 %, 1689 MiB","1, 0 %, 0 MiB",57.7,1,0.0
23:45:17,"0, 5 %, 1689 MiB","1, 0 %, 0 MiB",57.7,1,0.0
23:45:23,"0, 5 %, 1689 MiB","1, 0 %, 0 MiB",57.8,1,0.0
23:45:28,"0, 5 %, 1689 MiB","1, 0 %, 0 MiB",57.8,1,0.0
23:45:34,"0, 5 %, 1689 MiB","1, 0 %, 0 MiB",57.8,1,0.0
23:45:40,"0, 4 %, 1689 MiB","1, 0 %, 0 MiB",57.7,1,0.0
23:45:46,"0, 5 %, 1689 MiB","1, 0 %, 0 MiB",57.7,1,0.0
23:45:51,"0, 5 %, 1689 MiB","1, 0 %, 0 MiB",57.7,1,0.0
23:45:57,"0, 4 %, 1689 MiB","1, 0 %, 0 MiB",57.7,1,0.0
23:46:03,"0, 5 %, 1689 MiB","1, 0 %, 0 MiB",57.7,1,0.0
23:46:08,"0, 5 %, 1689 MiB","1, 0 %, 0 MiB",57.7,1,0.0
23:46:14,"0, 4 %, 1689 MiB","1, 0 %, 0 MiB",57.7,1,0.0
23:46:20,"0, 5 %, 1689 MiB","1, 0 %, 0 MiB",57.7,1,0.0
23:46:26,"0, 5 %, 1689 MiB","1, 0 %, 0 MiB",57.8,1,0.0
23:46:31,"0, 4 %, 1689 MiB","1, 0 %, 306 MiB",56.4,2,1.3
23:46:37,"0, 4 %, 1689 MiB","1, 50 %, 2224 MiB",53.8,2,4.0
23:46:43,"0, 5 %, 1689 MiB","1, 0 %, 0 MiB",57.7,1,0.0
23:46:48,"0, 5 %, 1689 MiB","1, 0 %, 0 MiB",57.7,1,0.0
23:46:54,"0, 5 %, 1689 MiB","1, 0 %, 0 MiB",57.6,1,0.0
23:47:00,"0, 4 %, 1689 MiB","1, 0 %, 0 MiB",57.5,2,0.0
23:47:06,"0, 5 %, 1689 MiB","1, 63 %, 4478 MiB",54.2,2,4.8
23:47:11,"0, 5 %, 1689 MiB","1, 82 %, 5632 MiB",53.3,2,5.0
23:47:17,"0, 5 %, 1689 MiB","1, 0 %, 0 MiB",57.6,1,0.0
23:47:23,"0, 5 %, 1689 MiB","1, 0 %, 0 MiB",57.6,2,0.1
23:47:29,"0, 5 %, 1689 MiB","1, 72 %, 3312 MiB",51.5,2,5.4
23:47:35,"0, 5 %, 1689 MiB","1, 54 %, 3958 MiB",51.9,2,5.8
23:47:41,"0, 5 %, 1689 MiB","1, 86 %, 3958 MiB",51.6,2,5.8
23:47:47,"0, 5 %, 1689 MiB","1, 26 %, 3958 MiB",51.6,2,5.8
23:47:54,"0, 5 %, 1689 MiB","1, 6 %, 3958 MiB",51.7,2,5.8
23:48:00,"0, 5 %, 1689 MiB","1, 27 %, 3958 MiB",51,2,5.6
23:48:06,"0, 5 %, 1689 MiB","1, 72 %, 5410 MiB",53.7,2,5.1
23:48:11,"0, 5 %, 1689 MiB","1, 0 %, 0 MiB",57.5,1,0.0
23:48:17,"0, 4 %, 1689 MiB","1, 0 %, 0 MiB",57.6,1,0.0
23:48:23,"0, 4 %, 1689 MiB","1, 0 %, 0 MiB",57.6,1,0.0
23:48:29,"0, 5 %, 1689 MiB","1, 0 %, 0 MiB",57.6,1,0.0
23:48:34,"0, 5 %, 1689 MiB","1, 0 %, 0 MiB",57.6,1,0.0
23:48:40,"0, 4 %, 1689 MiB","1, 0 %, 0 MiB",57.6,1,0.0
23:48:46,"0, 5 %, 1689 MiB","1, 0 %, 0 MiB",57.6,1,0.0
23:48:51,"0, 5 %, 1689 MiB","1, 0 %, 0 MiB",57.2,1,0.0
23:48:57,"0, 2 %, 1862 MiB","1, 0 %, 0 MiB",57.1,1,0.0
23:49:03,"0, 1 %, 1870 MiB","1, 0 %, 0 MiB",57.1,1,0.0
23:49:09,"0, 0 %, 1856 MiB","1, 0 %, 0 MiB",57.1,1,0.0
23:49:14,"0, 0 %, 1803 MiB","1, 0 %, 0 MiB",57.1,1,0.0
23:49:20,"0, 0 %, 1795 MiB","1, 0 %, 0 MiB",57.2,1,0.0
23:49:26,"0, 0 %, 1795 MiB","1, 0 %, 0 MiB",57.2,1,0.0
23:49:31,"0, 0 %, 1795 MiB","1, 0 %, 0 MiB",57.2,1,0.0
23:49:37,"0, 0 %, 1733 MiB","1, 0 %, 0 MiB",57.2,1,0.0
23:49:43,"0, 0 %, 1733 MiB","1, 0 %, 0 MiB",57.2,1,0.0
23:49:48,"0, 0 %, 1733 MiB","1, 0 %, 0 MiB",57.2,1,0.0
23:49:54,"0, 0 %, 1743 MiB","1, 0 %, 0 MiB",57.3,1,0.0
23:50:00,"0, 2 %, 1750 MiB","1, 0 %, 0 MiB",57.2,1,0.0
23:50:05,"0, 3 %, 1786 MiB","1, 0 %, 0 MiB",57.1,1,0.0
23:50:11,"0, 2 %, 1839 MiB","1, 0 %, 0 MiB",57.4,1,0.0
23:50:17,"0, 2 %, 1763 MiB","1, 0 %, 0 MiB",57.5,1,0.0
23:50:23,"0, 3 %, 1773 MiB","1, 0 %, 0 MiB",57.5,1,0.0
23:50:28,"0, 1 %, 1750 MiB","1, 0 %, 0 MiB",57.5,1,0.0
23:50:34,"0, 3 %, 1788 MiB","1, 0 %, 0 MiB",57.5,1,0.0
23:50:40,"0, 4 %, 1774 MiB","1, 0 %, 0 MiB",57.5,1,0.0
23:50:46,"0, 2 %, 1660 MiB","1, 0 %, 0 MiB",57.5,1,0.0
23:50:51,"0, 3 %, 1658 MiB","1, 0 %, 0 MiB",57.5,1,0.0
23:50:57,"0, 3 %, 1635 MiB","1, 0 %, 0 MiB",57.5,1,0.0
23:51:03,"0, 5 %, 1644 MiB","1, 0 %, 0 MiB",57.6,1,0.0
23:51:08,"0, 5 %, 1644 MiB","1, 0 %, 0 MiB",57.6,1,0.0
